{
 "baseUrl":"support/slwebview_files",
 "homeHid":1,
 "initialElement":"",
 "sections":[
  {
   "hid":1,
   "sid":"ModelWithApproximation_20210712T215036018",
   "name":"ModelWithApproximation_20210712T215036018",
   "fullname":"ModelWithApproximation_20210712T215036018",
   "label":"ModelWithApproximation_20210712T215036018*",
   "parent":0,
   "descendants":[
    2,
    3,
    4,
    5
   ],
   "hierarchyUrl":"support/slwebview_files/ModelWithApproximation_20210712T215036018_h_1.json",
   "backingUrl":"support/slwebview_files/ModelWithApproximation_20210712T215036018_m.json"
  }
 ],
 "optViews":[
 ],
 "display":{
  "informer":false
 },
 "iconsUrl":"support/slwebview_files/ModelWithApproximation_20210712T215036018_icons.css"
}