[
 {
  "sid":"ModelWithApproximation_20210712T215036018:6:2:6",
  "className":"Simulink.Outport",
  "icon":"ModelWithApproximation_20210712T2150360182",
  "name":"y",
  "label":"y",
  "parent":"ModelWithApproximation_20210712T215036018:6:2",
  "inspector":{
   "params":[
    "Port",
    "IconDisplay",
    "OutMin",
    "OutMax",
    "OutDataTypeStr",
    "LockScale",
    "Unit",
    "PortDimensions",
    "VarSizeSig",
    "SampleTime",
    "SignalType",
    "BusOutputAsStruct",
    "EnsureOutportIsVirtual",
    "InitialOutput",
    "MustResolveToSignalObject",
    "OutputWhenDisabled",
    "OutputWhenUnConnected",
    "OutputWhenUnconnectedValue",
    "SignalName",
    "SignalObject",
    "SourceOfInitialOutputValue",
    "StorageClass",
    "VectorParamsAs1DForOutWhenUnconnected"
   ],
   "values":[
    "1",
    "Port number",
    "[]",
    "[]",
    "Inherit: auto",
    "off",
    "inherit",
    "-1",
    "Inherit",
    "-1",
    "auto",
    "off",
    "off",
    "[]",
    "off",
    "held",
    "off",
    "0",
    "",
    [
    ],
    "Dialog",
    "Auto",
    "on"
   ],
   "tabs":[
    "Main",
    "Signal Attributes",
    "-Other"
   ],
   "tabs_idx":[
    0,
    2,
    11
   ]
  },
  "viewer":{
   "jshandler":"webview/handlers/ElementHandler"
  },
  "obj_viewer":[
  ],
  "finder":{
   "blocktype":"Outport",
   "masktype":""
  }
 },
 {
  "sid":"ModelWithApproximation_20210712T215036018:6:2:5",
  "className":"Wrap To Zero",
  "icon":"ModelWithApproximation_20210712T2150360182",
  "name":"Wrap To Zero",
  "label":"Wrap To Zero",
  "parent":"ModelWithApproximation_20210712T215036018:6:2",
  "inspector":{
   "params":[
    "Threshold"
   ],
   "values":[
    "uplimit"
   ],
   "tabs":[
   ],
   "tabs_idx":[
   ]
  },
  "viewer":{
   "jshandler":"webview/handlers/ElementHandler"
  },
  "obj_viewer":[
  ],
  "finder":{
   "blocktype":"SubSystem",
   "masktype":"Wrap To Zero"
  }
 },
 {
  "sid":"ModelWithApproximation_20210712T215036018:6:2:4",
  "className":"Simulink.UnitDelay",
  "icon":"ModelWithApproximation_20210712T2150360182",
  "name":"Output",
  "label":"Output",
  "parent":"ModelWithApproximation_20210712T215036018:6:2",
  "inspector":{
   "params":[
    "InitialCondition",
    "InputProcessing",
    "SampleTime",
    "StateName",
    "StateMustResolveToSignalObject",
    "StateSignalObjectClass",
    "StateStorageClass",
    "CodeGenStateStorageTypeQualifier",
    "StateSignalObject"
   ],
   "values":[
    "0.0",
    "Elements as channels (sample based)",
    "tsamp",
    "",
    "off",
    "Simulink.Signal",
    "Auto",
    "",
    [
    ]
   ],
   "tabs":[
    "Main",
    "State Attributes",
    "-Other"
   ],
   "tabs_idx":[
    0,
    3,
    7
   ]
  },
  "viewer":{
   "jshandler":"webview/handlers/ElementHandler"
  },
  "obj_viewer":[
  ],
  "finder":{
   "blocktype":"UnitDelay",
   "masktype":""
  }
 },
 {
  "sid":"ModelWithApproximation_20210712T215036018:6:2:3",
  "className":"Real World Value Increment",
  "icon":"ModelWithApproximation_20210712T2150360182",
  "name":"Increment Real World",
  "label":"Increment Real World",
  "parent":"ModelWithApproximation_20210712T215036018:6:2",
  "inspector":{
   "params":[
   ],
   "values":[
   ],
   "tabs":[
   ],
   "tabs_idx":[
   ]
  },
  "viewer":{
   "jshandler":"webview/handlers/ElementHandler"
  },
  "obj_viewer":[
  ],
  "finder":{
   "blocktype":"SubSystem",
   "masktype":"Real World Value Increment"
  }
 },
 {
  "sid":"ModelWithApproximation_20210712T215036018:6:2:2",
  "className":"Simulink.SignalSpecification",
  "icon":"ModelWithApproximation_20210712T2150360182",
  "name":"Force to be scalar",
  "label":"Force to be scalar",
  "parent":"ModelWithApproximation_20210712T215036018:6:2",
  "inspector":{
   "params":[
    "OutMin",
    "OutMax",
    "OutDataTypeStr",
    "LockScale",
    "Unit",
    "Dimensions",
    "VarSizeSig",
    "SampleTime",
    "SignalType",
    "BusOutputAsStruct"
   ],
   "values":[
    "[]",
    "[]",
    "Inherit: auto",
    "off",
    "inherit",
    "1",
    "Inherit",
    "-1",
    "auto",
    "off"
   ],
   "tabs":[
    "Parameter Attributes",
    "-Other"
   ],
   "tabs_idx":[
    0,
    9
   ]
  },
  "viewer":{
   "jshandler":"webview/handlers/ElementHandler"
  },
  "obj_viewer":[
  ],
  "finder":{
   "blocktype":"SignalSpecification",
   "masktype":""
  }
 },
 {
  "sid":"ModelWithApproximation_20210712T215036018:6:2:1",
  "className":"Simulink.SFunction",
  "icon":"ModelWithApproximation_20210712T2150360182",
  "name":"Data Type Propagation",
  "label":"Data Type Propagation",
  "parent":"ModelWithApproximation_20210712T215036018:6:2",
  "inspector":{
   "params":[
    "PropDataTypeMode",
    "PropDataType",
    "IfRefDouble",
    "IfRefSingle",
    "IsSigned",
    "NumBitsBase",
    "NumBitsMult",
    "NumBitsAdd",
    "NumBitsAllowFinal",
    "PropScalingMode",
    "PropScaling",
    "ValuesUsedBestPrec",
    "SlopeBase",
    "SlopeMult",
    "SlopeAdd",
    "BiasBase",
    "BiasMult",
    "BiasAdd"
   ],
   "values":[
    "Specify via dialog",
    "uint(nbits)",
    "double",
    "single",
    "IsSigned1 or IsSigned2",
    "max([NumBits1 NumBits2])",
    "1",
    "0",
    "1:128",
    "Specify via dialog",
    "1",
    "[5 -7]",
    "min([Slope1 Slope2])",
    "1",
    "0",
    "Bias1",
    "1",
    "0"
   ],
   "tabs":[
   ],
   "tabs_idx":[
   ]
  },
  "viewer":{
   "jshandler":"webview/handlers/ElementHandler"
  },
  "obj_viewer":[
  ],
  "finder":{
   "blocktype":"S-Function",
   "masktype":"Data Type Propagation"
  }
 },
 {
  "sid":"ModelWithApproximation_20210712T215036018:6:2:5#out:1",
  "className":"Simulink.Line",
  "icon":"ModelWithApproximation_20210712T2150360184",
  "name":"",
  "label":"",
  "parent":"ModelWithApproximation_20210712T215036018:6:2",
  "inspector":{
   "params":[
    "SignalNameFromLabel",
    "MustResolveToSignal",
    "ShowPropagatedSignal",
    "DataLogging",
    "TestPoint",
    "SignalObjectPackage",
    "StorageClass",
    "Description",
    "documentLink"
   ],
   "values":[
    "",
    "off",
    "off",
    "off",
    "off",
    "Simulink",
    "Auto",
    "",
    ""
   ],
   "tabs":[
    "Parameter Attributes",
    "Logging and Accessibility",
    "Code Generation",
    "Documentation"
   ],
   "tabs_idx":[
    0,
    3,
    5,
    7
   ]
  },
  "viewer":{
   "jshandler":"webview/handlers/ElementHandler"
  },
  "obj_viewer":[
  ],
  "finder":[
  ]
 },
 {
  "sid":"ModelWithApproximation_20210712T215036018:6:2:4#out:1",
  "className":"Simulink.Line",
  "icon":"ModelWithApproximation_20210712T2150360184",
  "name":"",
  "label":"",
  "parent":"ModelWithApproximation_20210712T215036018:6:2",
  "inspector":{
   "params":[
    "SignalNameFromLabel",
    "MustResolveToSignal",
    "ShowPropagatedSignal",
    "DataLogging",
    "TestPoint",
    "SignalObjectPackage",
    "StorageClass",
    "Description",
    "documentLink"
   ],
   "values":[
    "",
    "off",
    "off",
    "off",
    "off",
    "Simulink",
    "Auto",
    "",
    ""
   ],
   "tabs":[
    "Parameter Attributes",
    "Logging and Accessibility",
    "Code Generation",
    "Documentation"
   ],
   "tabs_idx":[
    0,
    3,
    5,
    7
   ]
  },
  "viewer":{
   "jshandler":"webview/handlers/ElementHandler"
  },
  "obj_viewer":[
  ],
  "finder":[
  ]
 },
 {
  "sid":"ModelWithApproximation_20210712T215036018:6:2:3#out:1",
  "className":"Simulink.Line",
  "icon":"ModelWithApproximation_20210712T2150360184",
  "name":"",
  "label":"",
  "parent":"ModelWithApproximation_20210712T215036018:6:2",
  "inspector":{
   "params":[
    "SignalNameFromLabel",
    "MustResolveToSignal",
    "ShowPropagatedSignal",
    "DataLogging",
    "TestPoint",
    "SignalObjectPackage",
    "StorageClass",
    "Description",
    "documentLink"
   ],
   "values":[
    "",
    "off",
    "off",
    "off",
    "off",
    "Simulink",
    "Auto",
    "",
    ""
   ],
   "tabs":[
    "Parameter Attributes",
    "Logging and Accessibility",
    "Code Generation",
    "Documentation"
   ],
   "tabs_idx":[
    0,
    3,
    5,
    7
   ]
  },
  "viewer":{
   "jshandler":"webview/handlers/ElementHandler"
  },
  "obj_viewer":[
  ],
  "finder":[
  ]
 },
 {
  "sid":"ModelWithApproximation_20210712T215036018:6:2:2#out:1",
  "className":"Simulink.Line",
  "icon":"ModelWithApproximation_20210712T2150360184",
  "name":"",
  "label":"",
  "parent":"ModelWithApproximation_20210712T215036018:6:2",
  "inspector":{
   "params":[
    "SignalNameFromLabel",
    "MustResolveToSignal",
    "ShowPropagatedSignal",
    "DataLogging",
    "TestPoint",
    "SignalObjectPackage",
    "StorageClass",
    "Description",
    "documentLink"
   ],
   "values":[
    "",
    "off",
    "off",
    "off",
    "off",
    "Simulink",
    "Auto",
    "",
    ""
   ],
   "tabs":[
    "Parameter Attributes",
    "Logging and Accessibility",
    "Code Generation",
    "Documentation"
   ],
   "tabs_idx":[
    0,
    3,
    5,
    7
   ]
  },
  "viewer":{
   "jshandler":"webview/handlers/ElementHandler"
  },
  "obj_viewer":[
  ],
  "finder":[
  ]
 }
]