[
 {
  "sid":"ModelWithApproximation_20210712T215036018:6:2:5:6",
  "className":"Simulink.Annotation",
  "icon":"ModelWithApproximation_20210712T2150360181",
  "name":"U(k)",
  "label":"U(k)",
  "parent":"ModelWithApproximation_20210712T215036018:6:2:5",
  "inspector":{
   "params":[
    "Text",
    "DropShadow",
    "Interpreter",
    "FontName",
    "FontWeight",
    "FontSize",
    "FontAngle",
    "ForegroundColor",
    "BackgroundColor",
    "HorizontalAlignment",
    "UseDisplayTextAsClickCallback",
    "ClickFcn"
   ],
   "values":[
    "U(k)",
    "off",
    "off",
    "auto",
    "auto",
    -1,
    "auto",
    "black",
    "white",
    "center",
    "off",
    ""
   ],
   "tabs":[
   ],
   "tabs_idx":[
   ]
  },
  "viewer":{
   "jshandler":"webview/handlers/ElementHandler"
  },
  "obj_viewer":[
  ],
  "finder":[
  ]
 },
 {
  "sid":"ModelWithApproximation_20210712T215036018:6:2:5:5",
  "className":"Simulink.Outport",
  "icon":"ModelWithApproximation_20210712T2150360182",
  "name":"Y",
  "label":"Y",
  "parent":"ModelWithApproximation_20210712T215036018:6:2:5",
  "inspector":{
   "params":[
    "Port",
    "IconDisplay",
    "OutMin",
    "OutMax",
    "OutDataTypeStr",
    "LockScale",
    "Unit",
    "PortDimensions",
    "VarSizeSig",
    "SampleTime",
    "SignalType",
    "BusOutputAsStruct",
    "EnsureOutportIsVirtual",
    "InitialOutput",
    "MustResolveToSignalObject",
    "OutputWhenDisabled",
    "OutputWhenUnConnected",
    "OutputWhenUnconnectedValue",
    "SignalName",
    "SignalObject",
    "SourceOfInitialOutputValue",
    "StorageClass",
    "VectorParamsAs1DForOutWhenUnconnected"
   ],
   "values":[
    "1",
    "Port number",
    "[]",
    "[]",
    "Inherit: auto",
    "off",
    "inherit",
    "-1",
    "Inherit",
    "-1",
    "auto",
    "off",
    "off",
    "0",
    "off",
    "held",
    "off",
    "0",
    "",
    [
    ],
    "Dialog",
    "Auto",
    "on"
   ],
   "tabs":[
    "Main",
    "Signal Attributes",
    "-Other"
   ],
   "tabs_idx":[
    0,
    2,
    11
   ]
  },
  "viewer":{
   "jshandler":"webview/handlers/ElementHandler"
  },
  "obj_viewer":[
  ],
  "finder":{
   "blocktype":"Outport",
   "masktype":""
  }
 },
 {
  "sid":"ModelWithApproximation_20210712T215036018:6:2:5:3",
  "className":"Simulink.Switch",
  "icon":"ModelWithApproximation_20210712T2150360182",
  "name":"FixPt Switch",
  "label":"FixPt Switch",
  "parent":"ModelWithApproximation_20210712T215036018:6:2:5",
  "inspector":{
   "params":[
    "Criteria",
    "Threshold",
    "ZeroCross",
    "InputSameDT",
    "OutMin",
    "OutMax",
    "OutDataTypeStr",
    "LockScale",
    "RndMeth",
    "SaturateOnIntegerOverflow",
    "AllowDiffInputSizes",
    "SampleTime"
   ],
   "values":[
    "u2 > Threshold",
    "Threshold",
    "off",
    "off",
    "[]",
    "[]",
    "Inherit: Inherit via back propagation",
    "off",
    "Floor",
    "off",
    "off",
    "-1"
   ],
   "tabs":[
    "Main",
    "Signal Attributes",
    "-Other"
   ],
   "tabs_idx":[
    0,
    3,
    11
   ]
  },
  "viewer":{
   "jshandler":"webview/handlers/ElementHandler"
  },
  "obj_viewer":[
  ],
  "finder":{
   "blocktype":"Switch",
   "masktype":""
  }
 },
 {
  "sid":"ModelWithApproximation_20210712T215036018:6:2:5:2",
  "className":"Simulink.DataTypeDuplicate",
  "icon":"ModelWithApproximation_20210712T2150360182",
  "name":"FixPt Data Type Duplicate1",
  "label":"FixPt Data Type Duplicate1",
  "parent":"ModelWithApproximation_20210712T215036018:6:2:5",
  "inspector":{
   "params":[
    "NumInputPorts"
   ],
   "values":[
    "3"
   ],
   "tabs":[
    "Parameter Attributes"
   ],
   "tabs_idx":0
  },
  "viewer":{
   "jshandler":"webview/handlers/ElementHandler"
  },
  "obj_viewer":[
  ],
  "finder":{
   "blocktype":"DataTypeDuplicate",
   "masktype":""
  }
 },
 {
  "sid":"ModelWithApproximation_20210712T215036018:6:2:5:4",
  "className":"Simulink.Constant",
  "icon":"ModelWithApproximation_20210712T2150360182",
  "name":"Constant",
  "label":"Constant",
  "parent":"ModelWithApproximation_20210712T215036018:6:2:5",
  "inspector":{
   "params":[
    "Value",
    "VectorParams1D",
    "SampleTime",
    "OutMin",
    "OutMax",
    "OutDataTypeStr",
    "LockScale",
    "FramePeriod"
   ],
   "values":[
    "0",
    "on",
    "inf",
    "[]",
    "[]",
    "Inherit: Inherit via back propagation",
    "off",
    "inf"
   ],
   "tabs":[
    "Main",
    "Signal Attributes",
    "-Other"
   ],
   "tabs_idx":[
    0,
    3,
    7
   ]
  },
  "viewer":{
   "jshandler":"webview/handlers/ElementHandler"
  },
  "obj_viewer":[
  ],
  "finder":{
   "blocktype":"Constant",
   "masktype":""
  }
 },
 {
  "sid":"ModelWithApproximation_20210712T215036018:6:2:5:1",
  "className":"Simulink.Inport",
  "icon":"ModelWithApproximation_20210712T2150360182",
  "name":"U",
  "label":"U",
  "parent":"ModelWithApproximation_20210712T215036018:6:2:5",
  "inspector":{
   "params":[
    "Port",
    "IconDisplay",
    "LatchByDelayingOutsideSignal",
    "LatchInputForFeedbackSignals",
    "OutputFunctionCall",
    "OutMin",
    "OutMax",
    "OutDataTypeStr",
    "LockScale",
    "Unit",
    "PortDimensions",
    "VarSizeSig",
    "SampleTime",
    "SignalType",
    "BusOutputAsStruct",
    "InputConnect",
    "Interpolate"
   ],
   "values":[
    "1",
    "Port number",
    "off",
    "off",
    "off",
    "[]",
    "[]",
    "Inherit: auto",
    "off",
    "inherit",
    "-1",
    "Inherit",
    "-1",
    "auto",
    "off",
    "",
    "on"
   ],
   "tabs":[
    "Main",
    "Signal Attributes",
    "-Other"
   ],
   "tabs_idx":[
    0,
    4,
    14
   ]
  },
  "viewer":{
   "jshandler":"webview/handlers/ElementHandler"
  },
  "obj_viewer":[
  ],
  "finder":{
   "blocktype":"Inport",
   "masktype":""
  }
 },
 {
  "sid":"ModelWithApproximation_20210712T215036018:6:2:5:4#out:1",
  "className":"Simulink.Line",
  "icon":"ModelWithApproximation_20210712T2150360184",
  "name":"",
  "label":"",
  "parent":"ModelWithApproximation_20210712T215036018:6:2:5",
  "inspector":{
   "params":[
    "SignalNameFromLabel",
    "MustResolveToSignal",
    "ShowPropagatedSignal",
    "DataLogging",
    "TestPoint",
    "SignalObjectPackage",
    "StorageClass",
    "Description",
    "documentLink"
   ],
   "values":[
    "",
    "off",
    "off",
    "off",
    "off",
    "Simulink",
    "Auto",
    "",
    ""
   ],
   "tabs":[
    "Parameter Attributes",
    "Logging and Accessibility",
    "Code Generation",
    "Documentation"
   ],
   "tabs_idx":[
    0,
    3,
    5,
    7
   ]
  },
  "viewer":{
   "jshandler":"webview/handlers/ElementHandler"
  },
  "obj_viewer":[
  ],
  "finder":[
  ]
 },
 {
  "sid":"ModelWithApproximation_20210712T215036018:6:2:5:3#out:1",
  "className":"Simulink.Line",
  "icon":"ModelWithApproximation_20210712T2150360184",
  "name":"",
  "label":"",
  "parent":"ModelWithApproximation_20210712T215036018:6:2:5",
  "inspector":{
   "params":[
    "SignalNameFromLabel",
    "MustResolveToSignal",
    "ShowPropagatedSignal",
    "DataLogging",
    "TestPoint",
    "SignalObjectPackage",
    "StorageClass",
    "Description",
    "documentLink"
   ],
   "values":[
    "",
    "off",
    "off",
    "off",
    "off",
    "Simulink",
    "Auto",
    "",
    ""
   ],
   "tabs":[
    "Parameter Attributes",
    "Logging and Accessibility",
    "Code Generation",
    "Documentation"
   ],
   "tabs_idx":[
    0,
    3,
    5,
    7
   ]
  },
  "viewer":{
   "jshandler":"webview/handlers/ElementHandler"
  },
  "obj_viewer":[
  ],
  "finder":[
  ]
 },
 {
  "sid":"ModelWithApproximation_20210712T215036018:6:2:5:1#out:1",
  "className":"Simulink.Line",
  "icon":"ModelWithApproximation_20210712T2150360184",
  "name":"",
  "label":"",
  "parent":"ModelWithApproximation_20210712T215036018:6:2:5",
  "inspector":{
   "params":[
    "SignalNameFromLabel",
    "MustResolveToSignal",
    "ShowPropagatedSignal",
    "DataLogging",
    "TestPoint",
    "SignalObjectPackage",
    "StorageClass",
    "Description",
    "documentLink"
   ],
   "values":[
    "",
    "off",
    "off",
    "off",
    "off",
    "Simulink",
    "Auto",
    "",
    ""
   ],
   "tabs":[
    "Parameter Attributes",
    "Logging and Accessibility",
    "Code Generation",
    "Documentation"
   ],
   "tabs_idx":[
    0,
    3,
    5,
    7
   ]
  },
  "viewer":{
   "jshandler":"webview/handlers/ElementHandler"
  },
  "obj_viewer":[
  ],
  "finder":[
  ]
 }
]