[
 {
  "hid":1,
  "sid":"ModelWithApproximation_20210712T215036018",
  "esid":"",
  "parent":0,
  "children":[
   2
  ],
  "name":"ModelWithApproximation_20210712T215036018",
  "fullname":"ModelWithApproximation_20210712T215036018",
  "label":"ModelWithApproximation_20210712T215036018",
  "icon":"ModelWithApproximation_20210712T2150360180",
  "svg":"support/slwebview_files/ModelWithApproximation_20210712T215036018_d.svg",
  "thumbnail":"support/slwebview_files/ModelWithApproximation_20210712T215036018_d.png",
  "backingUrl":"support/slwebview_files/ModelWithApproximation_20210712T215036018_d.json",
  "elements":[
   ":11",
   ":6",
   ":7",
   ":23",
   ":6#out:1",
   ":23#out:1"
  ],
  "sameAsElement":false
 },
 {
  "hid":2,
  "sid":"ModelWithApproximation_20210712T215036018:6",
  "esid":"ModelWithApproximation_20210712T215036018:6",
  "parent":1,
  "children":[
   3
  ],
  "name":"Input1",
  "fullname":"ModelWithApproximation_20210712T215036018/Input1",
  "label":"Input1",
  "icon":"ModelWithApproximation_20210712T2150360182",
  "svg":"support/slwebview_files/ModelWithApproximation_20210712T215036018_6_d.svg",
  "thumbnail":"support/slwebview_files/ModelWithApproximation_20210712T215036018_6_d.png",
  "backingUrl":"support/slwebview_files/ModelWithApproximation_20210712T215036018_6_d.json",
  "elements":[
   ":6:6",
   ":6:5",
   ":6:4",
   ":6:3",
   ":6:2",
   ":6:1",
   ":6:3#out:1",
   ":6:4#out:1",
   ":6:2#out:1",
   ":6:5#out:1",
   ":6:1#out:1"
  ],
  "sameAsElement":true
 },
 {
  "hid":3,
  "sid":"ModelWithApproximation_20210712T215036018:6:2",
  "esid":"ModelWithApproximation_20210712T215036018:6:2",
  "parent":2,
  "children":[
   4,
   5
  ],
  "name":"LimitedCounter",
  "fullname":"ModelWithApproximation_20210712T215036018/Input1/LimitedCounter",
  "label":"LimitedCounter",
  "icon":"ModelWithApproximation_20210712T2150360182",
  "svg":"support/slwebview_files/ModelWithApproximation_20210712T215036018_6_2_d.svg",
  "thumbnail":"support/slwebview_files/ModelWithApproximation_20210712T215036018_6_2_d.png",
  "backingUrl":"support/slwebview_files/ModelWithApproximation_20210712T215036018_6_2_d.json",
  "elements":[
   ":6:2:6",
   ":6:2:5",
   ":6:2:4",
   ":6:2:3",
   ":6:2:2",
   ":6:2:1",
   ":6:2:5#out:1",
   ":6:2:4#out:1",
   ":6:2:3#out:1",
   ":6:2:2#out:1"
  ],
  "sameAsElement":true
 },
 {
  "hid":4,
  "sid":"ModelWithApproximation_20210712T215036018:6:2:3",
  "esid":"ModelWithApproximation_20210712T215036018:6:2:3",
  "parent":3,
  "children":[
  ],
  "name":"Increment\nReal World",
  "fullname":"ModelWithApproximation_20210712T215036018/Input1/LimitedCounter/Increment Real World",
  "label":"Increment Real World",
  "icon":"ModelWithApproximation_20210712T2150360182",
  "svg":"support/slwebview_files/ModelWithApproximation_20210712T215036018_6_2_3_d.svg",
  "thumbnail":"support/slwebview_files/ModelWithApproximation_20210712T215036018_6_2_3_d.png",
  "backingUrl":"support/slwebview_files/ModelWithApproximation_20210712T215036018_6_2_3_d.json",
  "elements":[
   ":6:2:3:5",
   ":6:2:3:4",
   ":6:2:3:3",
   ":6:2:3:2",
   ":6:2:3:1",
   ":6:2:3:1#out:1",
   ":6:2:3:2#out:1",
   ":6:2:3:4#out:1"
  ],
  "sameAsElement":true
 },
 {
  "hid":5,
  "sid":"ModelWithApproximation_20210712T215036018:6:2:5",
  "esid":"ModelWithApproximation_20210712T215036018:6:2:5",
  "parent":3,
  "children":[
  ],
  "name":"Wrap To Zero",
  "fullname":"ModelWithApproximation_20210712T215036018/Input1/LimitedCounter/Wrap To Zero",
  "label":"Wrap To Zero",
  "icon":"ModelWithApproximation_20210712T2150360182",
  "svg":"support/slwebview_files/ModelWithApproximation_20210712T215036018_6_2_5_d.svg",
  "thumbnail":"support/slwebview_files/ModelWithApproximation_20210712T215036018_6_2_5_d.png",
  "backingUrl":"support/slwebview_files/ModelWithApproximation_20210712T215036018_6_2_5_d.json",
  "elements":[
   ":6:2:5:6",
   ":6:2:5:5",
   ":6:2:5:3",
   ":6:2:5:2",
   ":6:2:5:4",
   ":6:2:5:1",
   ":6:2:5:4#out:1",
   ":6:2:5:3#out:1",
   ":6:2:5:1#out:1"
  ],
  "sameAsElement":true
 }
]